,discret_frechet,dtw,edr,erp,frechet,hausdorff,lcss,sowd_grid,sspd
Cython,0.0589740276337,0.0738670825958,0.0658040046692,0.175474882126,26.6009299755,0.264856815338,0.0600759983063,-1.0,0.293354988098
Cython Geo,-1.0,0.105960130692,0.0927128791809,0.301204919815,-1.0,0.790087938309,0.0978181362152,6.84877204895,0.752858161926
Python,4.88918805122,4.88591885567,4.15651893616,2.52713704109,89.9384400845,4.84511899948,3.61502194405,-1.0,5.14115381241
Python Geo,-1.0,3.77930998802,2.92756700516,8.57760286331,-1.0,31.4078881741,2.52974915504,23.9666380882,37.0491540432
