,c-Spherical,p-Spherical,p-Spherical-Vectorized
sspd,0.33881316699999964,7.558915042000001,0.6724925420000005
spd_pt,na,4.7675891660000005,2.637069334000003
spd_closest_pt,na,5.633197959,3.3368709999999986
