,Euclidean,Spherical
discret_frechet,0.0659620761871,-1.0
dtw,0.0781569480896,0.114996194839
edr,0.0695221424103,0.106939792633
erp,0.171737909317,0.319380998611
frechet,29.1885719299,-1.0
hausdorff,0.310199975967,0.780081987381
lcss,0.0711951255798,0.111418008804
sowd_grid_5,0.164781093597,0.159924983978
sowd_grid_6,0.973792076111,0.954225063324
sowd_grid_7,7.62574410439,7.78553795815
sspd,0.314118862152,0.807314872742
