,discret_frechet,dtw,edr,erp,frechet,hausdorff,lcss,sowd_grid_5,sowd_grid_6,sowd_grid_7,sspd
Cython,0.0694050788879,0.0722508430481,0.0726749897003,0.183188915253,29.2164788246,0.319465875626,0.0608258247375,-1.0,-1.0,-1.0,0.311197042465
Cython Geo,-1.0,0.105880022049,0.105329036713,0.320881128311,-1.0,0.817992210388,0.111873865128,0.172512054443,0.916491031647,7.17131519318,0.833249092102
Python,5.50854301453,5.3221809864,4.57124710083,2.84489011765,101.427028894,5.8077249527,4.01858997345,-1.0,-1.0,-1.0,5.61567902565
Python Geo,-1.0,3.96203994751,3.11181902885,9.38714694977,-1.0,19.3894238472,2.57340312004,0.280653953552,2.78275609016,25.2148869038,24.8256020546
